url_path,views_total,views_unique
/cubicleguy/imu_linux_example,12,10
/cubicleguy/imu_linux_example/blob/main/sensor_epsonSpi.c,12,5
/cubicleguy/imu_linux_example/tree/main,10,2
/cubicleguy/imu_linux_example/blob/main/main_screen.c,8,2
/cubicleguy/imu_linux_example/blob/main/sensor_epsonCommon.c,7,2
/cubicleguy/imu_linux_example/blob/main/sensor_epsonCommon.h,6,2
/cubicleguy/imu_linux_example/blob/main/main_csvlogger.c,3,1
/cubicleguy/imu_linux_example/blob/main/sensor_epsonSpi.h,2,1
/cubicleguy/imu_linux_example/blob/main/hcl_gpio.c,1,1
/cubicleguy/imu_linux_example/blob/main/hcl_gpio.h,1,1
